date,app,minutes
2026-07-26,Safari,300
2026-07-26,Instagram,120
2026-07-26,Reddit,90
2026-07-27,Safari,420
2026-07-27,Instagram,150
2026-07-27,Reddit,80
2026-07-28,Safari,380
2026-07-28,Instagram,140
2026-07-28,Reddit,100
2026-07-29,Safari,450
2026-07-29,Instagram,160
2026-07-29,Reddit,110
2026-07-30,Safari,350
2026-07-30,Instagram,100
2026-07-30,Reddit,70
2026-07-31,Safari,400
2026-07-31,Instagram,130
2026-07-31,Reddit,95
2026-08-01,Safari,420
2026-08-01,Instagram,145
2026-08-01,Reddit,85
2026-08-02,Safari,400
2026-08-02,Instagram,155
2026-08-02,Reddit,100
2026-08-03,Safari,280
2026-08-03,YouTube,85
2026-08-03,Instagram,80
2026-08-03,YouTube Music,75
2026-08-04,Safari,290
2026-08-04,YouTube,88
2026-08-04,Instagram,75
2026-08-04,YouTube Music,70
2026-08-05,Safari,275
2026-08-05,YouTube,80
2026-08-05,Instagram,82
2026-08-05,YouTube Music,72
2026-08-06,Safari,300
2026-08-06,YouTube,92
2026-08-06,Instagram,78
2026-08-06,YouTube Music,75
2026-08-07,Safari,270
2026-08-07,YouTube,82
2026-08-07,Instagram,76
2026-08-07,YouTube Music,68
2026-08-08,Safari,295
2026-08-08,YouTube,85
2026-08-08,Instagram,84
2026-08-08,YouTube Music,73
2026-08-09,Safari,250
2026-08-09,YouTube,75
2026-08-09,Instagram,79
2026-08-09,YouTube Music,71
2026-08-10,Safari,40
2026-08-10,YouTube,20
2026-08-10,Instagram,18
2026-08-11,Safari,38
2026-08-11,YouTube,18
2026-08-11,Instagram,16
2026-08-12,Safari,42
2026-08-12,YouTube,19
2026-08-12,Instagram,17
2026-08-13,Safari,35
2026-08-13,YouTube,16
2026-08-13,Instagram,15
2026-08-14,Safari,39
2026-08-14,YouTube,17
2026-08-14,Instagram,16
2026-08-15,Safari,36
2026-08-15,YouTube,18
2026-08-15,Instagram,17
2026-08-16,Safari,37
2026-08-16,YouTube,15
2026-08-16,Instagram,14
